model,top_k,router,retained,gini,Lmax/C,minmax,served,experts/tok
allenai/OLMoE-1B-7B-0924,8,WFPD,0.920000,0.141898,1.000000,0.320312,1.000000,7.922980
allenai/OLMoE-1B-7B-0924,8,Token-choice,0.781811,0.380866,1.000000,0.000000,0.992424,5.662247
allenai/OLMoE-1B-7B-0924,8,Expert-choice,1.103652,0.000000,1.000000,1.000000,1.000000,10.343434
allenai/OLMoE-1B-7B-0924,8,LPR (OT),0.950190,0.169781,1.000000,0.179688,1.000000,8.000000
