router,retained,gini,Lmax/C,minmax,served,experts/tok
WFPD,0.991934,0.024573,0.851351,0.880952,1.000000,2.000000
Token-choice,0.945969,0.148270,1.000000,0.500000,1.000000,1.897436
Expert-choice,1.230227,0.000000,1.000000,1.000000,1.000000,2.529915
LPR (OT),0.992648,0.032051,0.858108,0.858507,1.000000,2.000000
