model,top_k,router,retained,gini,Lmax/C,minmax,served,experts/tok
allenai/OLMoE-1B-7B-0924,8,WFPD,0.953233,0.105638,0.999756,0.380258,0.999847,7.776924
allenai/OLMoE-1B-7B-0924,8,Token-choice,0.876872,0.244702,1.000000,0.068604,0.998802,6.752205
allenai/OLMoE-1B-7B-0924,8,Expert-choice,1.101721,0.000000,1.000000,1.000000,1.000000,10.000000
allenai/OLMoE-1B-7B-0924,8,LPR (OT),0.968626,0.140744,1.000000,0.267090,1.000000,8.000000
